ID,HS_ENGLISH,HS_MATH,HS_HISTORY,HS_LAB_SCIENCES,HS_FOREIGN_LANGUAGE,HS_ART,HS_ELECTIVES,HS_GPA,sex,WRITINGScore,GraduateONTime,Major
1,8,8,7,8,6,4,1,3.691958939,1,428,0,FIN
2,8,10,7,6,8,10,0,3.712992985,1,558,0,MGMT
3,8,7,6,6,4,4,0,4.373718854,1,634,1,MKTG
4,8,8,6,6,4,2,0,4.046570237,0,386,0,MKTG
5,8,6,6,4,4,3,1,2.560075508,0,381,0,MGMT
6,8,8,6,4,6,4,1,3.221351196,0,449,0,ACCT
7,8,10,6,8,6,4,3,2.470296194,1,523,0,ACCT
8,8,8,8,9,5,2,3,2.602701482,1,542,1,MGMT
9,10,8,6,6,6,3,2,3.851939721,1,288,0,FIN
10,8,8,6,8,4,2,4,3.337648206,0,499,0,MGMT
11,8,10,6,6,4,2,2,4.135487625,0,525,1,FIN
12,8,10,6,6,8,4,0,3.940382854,0,622,0,I S
13,8,6,4,4,6,6,1,3.235532899,0,369,0,MGMT
14,8,8,6,9,4,4,4,3.074215666,1,456,0,FIN
15,8,7,5,6,4,2,1,2.993259064,1,501,0,MGMT
16,8,6,6,4,6,4,0,3.858674968,0,505,0,FIN
17,8,10,6,4,6,7,0,3.601593595,1,526,0,MGMT
18,8,5,5,6,4,2,5,3.424977102,0,485,0,FIN
19,8,8,7,4,5,2,1,2.839765752,1,428,0,MGMT
20,8,10,6,8,8,3,1,3.571774293,1,569,1,MKTG
21,8,8,6,6,6,3,0,3.51987118,1,572,1,ACCT
22,8,10,6,8,8,4,2,3.689348951,1,529,1,MGMT
23,8,6,7,6,6,2,1,3.370523904,0,476,0,ACCT
24,8,6,6,6,6,2,2,2.754498531,0,517,0,FIN
25,8,6,8,6,4,3,0,3.723177106,0,459,0,MGMT
26,8,10,6,6,6,4,1,4.149512858,0,473,0,FIN
27,8,6,6,9,6,2,4,2.556193556,0,423,0,ACCT
28,8,6,5,6,8,2,1,3.204340416,0,377,0,I S
29,8,7,6,6,5,2,2,3.723621596,0,527,0,MKTG
30,8,8,6,5,6,7,1,3.080943666,0,665,0,FIN
31,8,6,5,8,6,2,3,2.421846863,0,461,0,MKTG
32,8,8,6,10,6,2,0,3.93665378,1,451,1,ACCT
33,8,8,4,8,6,2,0,2.794671572,0,535,0,I S
34,8,10,6,6,4,2,0,3.1716906,0,413,0,MKTG
35,8,8,6,6,6,2,2,4.388488389,0,610,0,MGMT
36,8,10,7,8,6,2,0,2.966949645,1,491,0,ACCT
37,8,8,8,6,4,4,0,3.044040568,1,513,0,MGMT
38,8,10,8,6,6,4,6,3.502011201,0,634,1,ACCT
39,8,8,6,8,6,2,2,3.198035756,1,462,0,FIN
40,8,10,6,8,6,2,2,3.959123579,1,460,0,MKTG
41,8,8,5,8,6,2,2,4.128528352,0,507,0,I S
42,8,6,5,6,4,3,2,2.652737981,0,434,1,I S
43,8,6,5,8,8,2,0,3.449428601,1,435,0,ACCT
44,8,6,6,6,4,6,0,3.562557714,1,570,0,MKTG
45,8,8,6,6,4,6,4,2.922657724,0,460,1,MKTG
46,8,5,5,7,4,2,0,2.231068186,0,406,0,I S
47,8,12,6,6,6,3,2,4.244971025,0,538,0,ACCT
48,8,9,6,4,6,2,1,3.931407189,1,564,0,FIN
49,8,8,8,6,6,6,2,4.325898334,0,502,0,ACCT
50,8,10,6,6,6,2,0,3.774722789,1,420,1,FIN
51,8,8,5,6,4,2,0,3.585693056,0,437,0,I S
52,8,8,6,6,4,2,0,3.330814368,1,396,0,I S
53,8,12,5,8,6,4,1,3.963747419,1,511,0,MKTG
54,10,6,6,6,6,3,2,2.684265259,0,466,0,FIN
55,8,12,6,6,8,8,0,3.487681713,0,553,0,MGMT
56,8,10,6,4,8,3,2,3.311819889,1,468,0,MGMT
57,8,9,6,10,8,2,0,3.563983539,0,471,0,MKTG
58,8,10,4,6,8,6,4,3.679402118,0,466,0,ACCT
59,8,8,6,6,6,5,0,4.043431992,1,531,0,I S
60,8,10,6,6,6,4,2,2.570928512,1,526,0,ACCT
61,8,8,6,4,4,10,0,3.172518819,0,489,0,ACCT
62,8,8,10,6,4,2,0,4.069414552,0,556,0,ACCT
63,8,10,7,6,6,2,1,4.476188698,0,505,1,MKTG
64,8,8,6,8,4,4,0,3.136646093,0,453,0,FIN
65,8,10,6,6,4,2,0,3.387819411,0,538,0,I S
66,8,8,7,6,6,2,2,2.685829944,0,492,0,ACCT
67,8,8,6,8,6,2,2,3.314575143,1,385,0,MGMT
68,8,8,6,8,4,2,0,3.518984286,1,415,0,MKTG
69,8,8,6,6,8,2,0,3.041016761,1,568,0,MKTG
70,8,10,6,8,6,2,0,3.780306203,1,426,0,MKTG
71,8,10,6,8,8,2,7,3.990106879,0,634,0,MKTG
72,8,6,4,6,4,2,2,2.808847171,0,502,1,MGMT
73,8,10,8,6,4,14,0,3.37779018,0,521,0,MGMT
74,8,9,6,6,4,6,2,2.47827375,0,444,0,MGMT
75,8,8,6,8,4,5,0,3.402912019,1,507,0,MKTG
76,8,9,6,6,6,2,0,2.925119565,1,480,0,FIN
77,8,6,6,8,4,2,2,2.825506418,1,539,0,I S
78,8,8,6,6,8,2,2,3.587717467,0,553,1,FIN
79,8,6,6,8,4,3,0,4.146920546,1,508,0,MKTG
80,8,6,5,5,5,2,1,2.7298103,0,518,0,MKTG
81,8,6,6,6,6,7,0,3.46449097,0,385,0,ACCT
82,8,8,6,6,10,2,3,4.492089467,0,656,1,MKTG
83,8,8,6,6,8,4,1,2.84637822,0,528,1,MGMT
84,8,10,7,8,8,2,3,3.689115088,0,564,0,MKTG
85,8,6,6,6,4,2,4,2.753256219,0,458,0,FIN
86,8,8,6,6,4,6,0,4.244950879,1,444,0,FIN
87,8,8,6,5,6,4,2,3.545989067,0,452,0,FIN
88,8,8,6,6,4,6,2,3.193957877,0,484,0,MGMT
89,8,8,6,8,6,5,2,3.186125528,0,544,1,FIN
90,8,6,6,6,6,2,0,3.879127344,1,466,0,MGMT
91,8,8,6,6,6,4,2,2.73352337,0,511,0,MGMT
92,8,10,6,6,6,2,2,3.130394864,1,453,0,MGMT
93,8,8,6,6,8,2,2,3.460762036,0,501,0,FIN
94,8,6,6,4,10,4,2,3.535084876,1,438,1,MGMT
95,8,6,6,4,8,7,2,3.322476724,0,614,1,MGMT
96,8,6,4,8,8,2,2,3.436248915,1,375,0,MKTG
97,8,10,6,5,6,4,0,3.062621394,0,483,0,MKTG
98,8,7,6,5,6,2,4,2.273113156,1,568,0,FIN
99,8,8,6,4,8,2,4,3.016124201,0,525,0,FIN
100,8,10,6,10,7,2,4,3.81301359,0,625,0,MKTG
101,8,8,8,6,8,2,0,3.583971159,1,625,0,FIN
102,8,8,6,6,4,4,6,4.027813888,0,348,0,MKTG
103,8,6,6,5,8,6,3,3.433807654,0,438,0,MKTG
104,8,8,4,4,4,4,2,3.625196449,0,359,1,MGMT
105,8,6,6,6,6,2,0,3.372981125,1,452,0,MKTG
106,8,10,6,8,6,2,0,4.260057377,0,591,0,MGMT
107,8,10,6,8,5,2,0,4.088937156,0,583,0,MKTG
108,8,8,5,8,6,13,1,3.2328376,0,503,0,MKTG
109,8,8,6,8,4,2,2,4.005874085,0,531,1,ACCT
110,8,8,6,6,4,5,2,3.836301027,0,411,1,MGMT
111,8,8,6,6,6,2,0,3.119971248,1,481,0,MKTG
112,8,10,8,6,8,2,0,3.621180075,0,320,0,FIN
113,8,8,6,7,6,2,0,3.624243274,0,536,0,MGMT
114,8,8,6,6,4,2,6,3.58399669,1,439,0,MKTG
115,8,8,6,8,6,2,0,3.367708484,1,409,0,MKTG
116,8,7,6,6,8,2,0,3.071075363,1,448,1,MGMT
117,8,6,7,4,7,2,0,2.370075021,0,510,0,MGMT
118,8,7,6,4,6,3,0,2.872027,0,459,0,ACCT
119,8,6,6,6,4,4,0,3.773502901,0,416,0,MGMT
120,8,8,6,6,4,2,3,2.8655275,0,525,0,MKTG
121,8,6,6,4,4,2,2,3.541269233,0,424,0,MGMT
122,8,8,6,4,4,2,0,3.22015092,1,412,1,MKTG
123,8,8,6,8,4,6,2,3.22101854,1,552,0,FIN
124,8,8,6,6,6,2,0,2.845125991,0,505,0,ACCT
125,8,10,6,6,4,3,2,3.316021186,0,544,0,FIN
126,8,8,4,6,6,2,0,2.885906639,1,411,0,MKTG
127,8,8,8,6,6,2,0,3.397220739,1,566,0,MGMT
128,8,6,6,6,6,2,2,3.598014791,0,464,0,FIN
129,8,8,6,6,6,2,2,3.19769571,1,651,1,FIN
130,8,8,8,6,6,2,2,3.604420186,0,558,1,MGMT
131,8,10,6,6,6,6,0,3.178136212,0,551,1,MGMT
132,8,7,8,8,4,2,1,3.278778819,1,358,1,FIN
133,8,6,5,8,6,4,3,2.952609503,0,387,1,FIN
134,8,8,8,8,4,3,0,4.110710793,1,507,0,MGMT
135,8,8,6,6,8,2,4,3.382549122,0,422,0,MGMT
136,8,10,6,8,8,2,2,3.560416212,1,580,1,ACCT
137,8,12,6,4,10,2,0,3.895561107,0,537,0,FIN
138,8,12,6,8,6,2,0,3.234161333,0,559,1,FIN
139,8,10,6,8,6,6,0,3.009731205,1,473,1,MKTG
140,8,10,6,8,6,2,0,3.026421644,1,433,1,FIN
141,8,10,8,8,6,2,0,3.889250175,0,517,1,MKTG
142,8,10,6,8,8,2,0,3.604704598,1,491,0,MGMT
143,8,10,6,8,4,2,2,2.606321087,0,431,0,MGMT
144,8,6,6,4,6,3,0,2.189597924,1,556,0,ACCT
145,8,8,6,8,6,2,0,3.498833718,0,525,0,MGMT
146,8,10,6,6,8,2,0,3.686783384,1,586,1,MKTG
147,8,10,6,8,4,2,2,3.856235115,1,492,0,MGMT
148,8,10,6,6,8,6,0,3.818197751,0,484,0,MKTG
149,8,8,4,3,6,7,3,2.786800082,1,420,0,FIN
150,8,10,6,8,6,2,0,3.691062623,1,415,1,ACCT
151,8,8,6,6,6,5,0,3.902853353,0,541,1,FIN
152,8,10,6,8,6,6,2,3.770205771,0,503,0,MKTG
153,8,7,6,7,4,4,1,2.906800581,1,519,1,MKTG
154,8,6,5,6,8,2,0,4.247219748,0,503,1,ACCT
155,8,8,5,6,6,2,1,2.629197225,1,605,0,MKTG
156,10,6,4,5,4,6,4,2.273496077,0,595,0,MGMT
157,8,10,6,8,6,6,2,3.169499314,0,560,0,MKTG
158,8,8,6,4,6,4,2,3.960734188,0,451,0,MKTG
159,8,8,6,6,9,2,0,3.058456739,0,486,0,MKTG
160,8,6,7,6,6,4,0,3.780945149,0,349,0,FIN
161,8,8,6,8,10,2,0,3.354947329,0,551,0,MGMT
162,8,8,6,6,8,2,0,3.708706078,1,570,0,FIN
163,8,8,6,7,6,2,0,2.883423126,1,375,0,MGMT
164,8,10,6,6,6,3,1,2.88787551,0,438,0,MKTG
165,8,9,8,6,6,3,0,3.257670258,0,533,0,ACCT
166,8,10,6,6,4,2,3,3.332781143,1,387,0,MGMT
167,8,10,6,8,6,4,2,3.923418331,0,545,0,FIN
168,8,6,6,5,4,7,0,2.626492703,1,441,0,ACCT
169,8,10,6,12,8,2,3,3.013819032,0,441,0,FIN
170,8,7,6,8,6,3,2,3.207971776,1,444,0,FIN
171,8,10,6,6,4,4,2,3.408929134,0,572,0,MKTG
172,9,10,6,8,8,2,11,3.988199459,1,427,1,ACCT
173,9,8,7,8,11,4,0,2.357107409,1,402,0,FIN
174,8,10,7,8,6,2,0,4.03230652,1,386,0,MGMT
175,8,10,6,6,6,11,0,2.790666607,0,458,0,MKTG
176,8,8,9,6,4,4,6,3.865934428,1,480,0,FIN
177,8,8,6,8,4,4,0,3.16669461,0,445,0,ACCT
178,8,8,6,8,6,2,0,3.461545035,1,379,0,FIN
179,8,4,6,4,4,12,0,2.72188859,1,563,0,MKTG
180,8,9,6,5,6,2,2,2.384432697,1,549,1,ACCT
181,9,10,6,8,6,4,6,3.910393524,1,681,1,ACCT
182,10,6,5,6,6,3,4,3.987046584,0,383,0,MKTG
183,8,8,5,8,8,10,3,3.233745009,0,528,0,MGMT
184,8,10,5,4,6,16,6,3.792434021,0,672,0,MKTG
185,8,10,9,8,6,2,1,4.061111288,1,553,0,MKTG
186,9,10,6,6,6,6,4,3.743460856,0,512,0,FIN
187,14,10,8,8,4,2,2,3.920001322,1,481,0,I S
188,8,10,8,6,4,2,0,3.426764755,0,563,0,MGMT
189,8,10,6,6,6,2,3,3.429154172,0,542,1,MKTG
190,8,6,6,4,5,5,0,3.127664192,0,479,0,MGMT
191,8,10,6,6,6,14,0,3.473284259,1,576,0,ACCT
192,8,7,6,6,4,4,2,2.873879619,0,469,0,FIN
193,8,8,6,5,6,2,4,2.871631476,0,578,0,MKTG
194,8,9,7,6,8,2,0,3.260104162,1,464,0,FIN
195,8,10,6,7,6,4,2,3.12850117,1,462,1,MKTG
196,8,10,8,4,4,4,0,3.138655441,0,538,0,MKTG
197,8,8,7,6,4,2,3,2.387267297,0,483,0,ACCT
198,8,12,8,6,8,2,0,3.296599005,0,529,0,FIN
199,8,6,6,7,4,2,2,2.99689426,1,380,0,MGMT
200,8,10,6,6,6,2,2,3.386545908,0,590,0,FIN
201,8,8,6,6,10,2,0,3.389218894,0,315,1,MGMT
202,8,10,6,6,4,4,2,3.015901713,1,574,0,MKTG
203,8,6,6,4,6,2,2,2.86021862,1,363,1,MGMT
204,8,10,6,6,8,2,4,3.453330283,0,479,0,FIN
205,8,6,7,4,4,12,2,2.961255996,1,457,0,MGMT
206,8,10,7,6,8,2,1,3.971608277,1,597,1,FIN
207,8,8,6,6,4,4,0,2.355039093,1,376,0,MKTG
208,8,10,6,9,6,4,0,3.700400927,1,715,0,FIN
209,8,10,6,4,6,2,0,3.180416876,1,460,1,MGMT
210,8,10,6,8,8,4,0,3.359266375,0,590,0,FIN
211,8,6,6,8,8,2,3,3.373388872,1,505,0,FIN
212,8,6,6,7,8,7,1,3.348735896,0,536,0,FIN
213,8,10,8,8,6,4,0,3.877137767,0,431,0,MKTG
214,8,8,6,8,6,8,0,3.351469186,0,487,0,ACCT
215,8,8,6,6,8,4,2,3.392162407,0,418,0,MGMT
216,8,6,7,8,4,3,1,3.033244897,0,576,0,ACCT
217,8,10,6,6,8,2,0,4.052506589,0,434,0,FIN
218,8,10,6,6,6,16,7,4.461431321,1,586,1,MKTG
219,8,11,6,6,8,3,0,3.722003103,1,574,1,FIN
220,8,8,6,8,8,7,0,3.962854195,1,464,0,ACCT
221,8,10,8,6,7,2,2,3.962971592,0,669,1,ACCT
222,8,8,6,6,6,4,2,3.641068957,0,517,0,MGMT
223,8,8,6,4,6,6,0,3.218308576,0,569,1,MGMT
224,8,12,6,8,10,2,2,3.961094061,0,491,1,FIN
225,8,7,5,6,4,2,2,2.91254917,1,420,0,MGMT
226,8,6,4,4,4,4,8,4.216746691,1,389,0,MKTG
227,8,12,6,8,6,4,0,2.534594925,1,378,0,FIN
228,8,8,6,6,4,6,0,2.748489037,1,417,0,MKTG
229,8,10,6,8,8,2,0,3.630896985,1,448,0,ACCT
230,8,10,6,4,8,4,6,3.437784414,1,507,1,MKTG
231,8,9,6,10,8,4,2,3.845033254,0,548,0,ACCT
232,8,10,6,8,8,8,0,4.093853594,0,584,1,MGMT
233,8,8,6,7,6,16,4,3.790623828,1,472,1,ACCT
234,8,8,6,8,8,2,0,3.212946623,1,453,0,MKTG
235,10,8,7,4,4,2,2,3.235480743,1,458,0,MKTG
236,8,8,6,6,4,2,2,3.060792694,0,509,0,FIN
237,8,6,6,5,4,10,5,3.18481478,0,532,0,ACCT
238,8,10,6,8,8,2,0,3.753763858,1,384,1,MGMT
239,10,14,6,8,8,6,2,2.743199685,0,403,0,ACCT
240,8,8,8,8,4,2,2,3.987065779,0,459,1,MKTG
241,8,6,6,6,8,4,0,2.463757233,0,543,0,ACCT
242,8,8,6,6,8,2,2,3.31451069,0,498,0,MGMT
243,8,8,6,8,6,2,4,3.676287675,0,483,0,I S
244,8,8,6,2,8,13,2,2.819235848,1,618,0,MGMT
245,8,10,8,10,8,2,0,3.708269672,1,338,0,ACCT
246,8,10,6,8,6,6,4,3.440766042,0,462,1,FIN
247,8,8,6,8,6,2,2,3.854389625,0,606,0,MKTG
248,8,8,6,6,6,2,0,3.134287201,0,453,0,ACCT
249,8,10,6,6,4,2,0,3.583218681,1,513,0,MKTG
250,8,8,6,6,8,6,0,3.103609754,1,450,0,FIN
251,8,9,6,4,8,2,2,3.091358283,1,535,1,MGMT
252,8,8,4,9,6,2,2,3.203822125,0,335,0,MKTG
253,8,10,6,6,6,2,0,4.216363709,0,553,0,FIN
254,8,8,6,6,8,2,1,2.960495898,1,548,0,ACCT
255,8,10,6,6,6,9,1,3.733765803,0,515,0,ACCT
256,8,10,6,8,7,6,0,3.293813244,1,632,1,MGMT
257,8,6,6,8,6,2,0,3.007566076,0,417,1,ACCT
258,8,8,6,4,10,2,2,3.816874206,1,503,0,I S
259,8,10,6,8,8,8,0,3.144068965,0,468,0,ACCT
260,8,6,5,6,4,5,3,3.741515862,0,543,0,MGMT
261,8,8,6,8,6,6,2,2.925444393,0,464,0,FIN
262,8,6,6,8,8,8,4,3.585326599,0,531,0,MGMT
263,8,8,8,8,4,3,0,2.626680659,0,490,0,FIN
264,8,8,6,6,6,3,0,2.960670664,0,620,1,ACCT
265,8,8,5,4,6,2,4,3.028050394,1,515,0,MGMT
266,8,8,6,6,8,2,4,3.994098365,0,463,0,ACCT
267,8,8,6,6,7,3,3,2.991802078,0,354,0,I S
268,8,8,6,4,8,8,3,4.08091965,0,554,1,MGMT
269,10,10,6,6,6,3,0,2.906516679,0,571,0,FIN
270,8,8,6,6,6,6,1,3.931030505,0,370,0,FIN
271,8,6,6,8,6,4,0,3.456942273,1,372,0,MGMT
272,8,10,6,8,6,2,2,3.58821864,1,401,0,FIN
273,8,8,6,5,4,3,3,2.915800975,0,322,0,ACCT
274,8,10,6,8,8,12,0,3.710442405,0,610,1,MGMT
275,8,6,5,8,4,4,0,2.819032923,0,689,0,MKTG
276,8,6,6,4,6,12,0,4.078849869,0,766,1,ACCT
277,8,8,8,6,6,4,0,4.150368328,0,539,0,MGMT
278,8,10,6,6,8,10,2,3.039680451,1,572,0,FIN
279,8,10,6,8,4,2,0,3.246564341,1,604,1,FIN
280,8,8,6,6,4,2,2,4.172946615,0,518,0,ACCT
281,8,9,5,7,6,3,1,3.070243093,1,495,0,ACCT
282,8,8,6,8,8,2,2,3.085114931,1,513,0,MKTG
283,8,6,6,6,4,11,0,3.049990308,1,546,1,FIN
284,8,10,6,6,6,4,2,3.71521264,0,541,0,MKTG
285,8,8,6,4,8,4,1,3.24457039,1,454,0,MGMT
286,8,10,6,8,6,2,0,3.811337456,1,536,0,FIN
287,8,10,6,8,8,2,2,3.652295829,0,534,1,FIN
288,8,10,9,8,6,6,0,3.233739954,1,532,0,MKTG
289,8,10,6,6,6,3,3,3.354346848,1,490,0,FIN
290,8,6,6,4,10,2,0,4.483668956,0,492,1,I S
291,8,8,6,8,6,8,0,2.674620209,0,604,0,MGMT
292,8,10,8,6,8,2,0,3.923808493,0,639,1,FIN
293,8,6,6,4,6,5,1,3.515954259,0,531,0,MKTG
294,8,8,6,6,4,5,0,3.609645631,1,442,0,MGMT
295,8,10,6,5,10,2,2,3.088650998,1,485,1,MKTG
296,8,6,6,8,6,4,0,3.89923622,0,517,0,MGMT
297,8,8,6,4,6,4,6,3.664221221,0,477,0,FIN
298,8,10,5,6,10,6,3,4.121391327,0,519,0,MGMT
299,8,8,8,6,8,2,0,3.852622258,1,460,0,FIN
300,8,6,6,8,4,2,1,4.484536139,0,535,1,ACCT
301,8,10,6,6,8,7,0,3.468501276,0,534,0,MGMT
302,8,6,6,6,6,2,0,3.19605428,1,344,0,FIN
303,10,10,7,4,8,4,2,3.567994373,1,488,1,MKTG
304,9,8,5,4,8,2,1,3.368540997,0,388,0,MGMT
305,8,8,6,8,6,2,0,3.252937256,1,454,0,MKTG
306,8,8,6,6,6,2,2,2.443408673,1,627,0,MKTG
307,8,6,6,4,4,4,4,3.362018162,1,429,0,MKTG
308,8,8,6,8,6,2,0,3.386234438,1,496,0,MGMT
309,8,12,8,8,6,2,0,2.784488147,0,577,1,MGMT
310,8,10,6,10,6,4,0,3.457574328,0,534,0,FIN
311,8,12,6,8,4,2,0,3.774636741,0,416,0,FIN
312,8,10,6,10,6,2,0,3.786175812,0,535,0,ACCT
313,8,8,7,6,4,2,2,4.179044195,1,413,0,MGMT
314,8,10,8,8,8,4,2,4.10157633,0,490,0,MKTG
315,8,10,6,8,6,2,0,2.972197648,0,497,0,FIN
316,8,7,5,6,6,4,1,3.184767594,1,505,1,MKTG
317,8,8,6,7,8,2,0,3.196701183,1,340,0,MGMT
318,8,8,6,8,6,2,0,3.52169659,0,497,0,MKTG
319,8,10,6,6,4,5,0,3.283847398,0,450,0,FIN
320,8,8,6,10,6,8,2,3.693066072,0,553,0,MKTG
321,8,6,6,8,6,4,0,2.616211584,1,447,1,MGMT
322,8,10,6,6,8,2,1,4.476482188,0,637,1,ACCT
323,8,8,7,6,6,2,2,2.772902325,1,470,0,MGMT
324,8,8,6,8,8,2,0,3.132774095,1,626,0,I S
325,8,8,12,6,4,6,0,4.126683139,0,499,0,MKTG
326,8,6,6,6,6,8,1,3.327172292,0,549,0,MGMT
327,8,12,8,8,4,6,0,4.209473433,1,504,0,I S
328,8,6,5,8,6,8,1,2.952989306,1,519,0,MGMT
329,8,10,5,10,6,4,0,2.802531869,0,667,1,MKTG
330,8,8,8,8,6,2,0,3.774484823,0,490,1,MGMT
331,8,6,6,6,4,6,0,3.797736257,0,511,0,FIN
332,8,8,8,4,4,6,0,3.916477075,1,436,1,FIN
333,8,8,6,10,4,4,1,3.911207806,0,393,0,MGMT
334,8,6,5,4,4,3,1,2.399951621,0,384,0,MGMT
335,8,8,6,4,6,2,0,3.006645105,0,531,0,MGMT
336,8,12,6,8,6,8,2,3.379207466,0,652,1,MGMT
337,8,8,6,4,6,2,0,3.217893783,0,452,0,FIN
338,8,8,6,6,6,8,0,2.946065921,0,485,0,FIN
339,8,6,6,6,6,2,1,3.723330353,1,390,1,MGMT
340,8,10,5,6,6,10,0,3.407757712,1,668,0,I S
341,8,8,7,5,7,2,2,3.327498393,1,429,0,I S
342,8,10,6,8,8,2,2,2.870120639,0,541,0,MGMT
343,8,8,6,8,8,4,0,2.559670783,0,524,0,MKTG
344,8,8,4,8,6,2,2,3.120451116,0,465,0,MGMT
345,8,6,7,6,5,6,1,3.187833969,0,430,0,MGMT
346,8,8,6,6,8,3,0,3.748310656,1,507,0,MGMT
347,8,8,6,6,6,14,8,4.269328983,0,530,1,MGMT
348,8,10,8,6,6,4,0,4.145713482,0,465,1,MGMT
349,8,10,5,6,6,4,1,3.415449873,0,630,0,MKTG
350,8,10,6,8,8,5,0,3.67160506,0,662,1,ACCT
351,8,8,6,8,8,2,2,3.686631034,0,541,1,FIN
352,8,8,5,6,4,6,1,3.822702392,0,476,0,MGMT
353,8,8,5,8,4,2,1,3.339272167,1,463,1,MKTG
354,8,10,6,4,4,2,0,3.594106429,0,460,0,MKTG
355,8,10,6,6,4,2,2,3.220647348,0,447,1,ACCT
356,8,9,6,6,10,2,2,3.747868005,0,472,1,FIN
357,8,6,8,7,6,6,2,3.411645119,0,574,0,MKTG
358,8,8,7,8,4,4,0,3.293708124,1,429,0,MKTG
359,8,6,6,7,4,2,6,2.986268801,1,560,0,MKTG
360,8,6,6,6,4,6,0,4.463941555,1,586,1,FIN
361,8,10,6,6,10,2,2,3.813026802,0,539,0,ACCT
362,8,6,6,8,4,4,4,3.092519112,1,496,0,MKTG
363,8,8,6,5,6,8,0,3.426524789,0,677,0,MKTG
364,8,10,6,6,6,2,1,3.136681159,0,515,1,ACCT
365,8,6,6,4,8,2,3,3.21794583,0,471,0,MGMT
366,8,6,5,6,4,6,1,2.834890282,0,311,0,FIN
367,8,10,7,6,6,2,2,3.099772178,1,583,0,MGMT
368,9,9,8,4,4,2,0,3.329500623,0,418,0,MKTG
369,8,8,5,8,8,2,5,2.610924817,0,557,1,ACCT
370,8,8,6,8,8,2,0,3.243501589,0,608,0,MKTG
371,8,6,6,5,5,2,2,3.711142218,1,447,0,ACCT
372,8,10,6,7,6,2,2,3.891075192,0,467,0,MKTG
373,8,8,4,4,6,2,1,3.259686365,1,419,0,MGMT
374,8,10,5,8,6,2,3,3.904825418,1,543,1,I S
375,8,10,6,6,6,2,0,3.552826744,1,475,0,FIN
376,8,8,6,6,5,2,2,2.766890231,0,453,0,MKTG
377,8,10,7,8,8,5,2,3.450485546,0,519,0,ACCT
378,8,6,6,8,6,3,2,3.059601332,1,493,1,MKTG
379,8,8,6,6,8,2,0,3.02173795,0,690,0,MGMT
380,8,9,6,8,8,2,2,3.657897928,0,420,0,MGMT
381,8,8,6,6,8,2,1,2.953255812,0,409,0,MGMT
382,8,12,6,7,8,3,0,3.345988805,0,512,0,ACCT
383,8,6,6,4,6,5,2,3.168781712,0,431,0,ACCT
384,8,7,6,8,6,4,2,2.875855117,1,458,1,FIN
385,8,8,8,8,4,10,0,4.393436813,0,525,1,ACCT
386,8,8,6,8,8,6,0,4.074492278,0,484,0,FIN
387,8,10,6,6,6,4,4,3.536277151,1,498,0,MGMT
388,8,8,6,6,6,4,0,3.389216018,1,497,1,MKTG
389,8,8,6,8,6,2,0,4.215668517,0,469,0,ACCT
390,8,9,5,8,6,2,1,3.717081194,1,488,0,MGMT
391,8,10,6,8,7,2,3,4.199506606,0,501,1,FIN
392,8,8,6,8,6,2,0,3.920475335,0,549,0,MGMT
393,7,8,5,6,4,2,0,3.144676894,0,555,0,ACCT
394,8,10,6,6,8,14,0,3.31542427,1,513,1,FIN
395,8,10,6,6,8,5,0,3.199343912,0,515,0,MGMT
396,8,10,7,6,6,2,1,3.78496606,0,508,0,MGMT
397,8,6,6,6,6,6,2,3.512768519,0,507,0,MKTG
398,8,7,6,5,8,2,1,3.271099711,0,429,0,MGMT
399,8,10,6,6,4,2,0,4.464592099,0,478,1,MGMT
400,8,6,6,8,6,2,4,2.507791544,1,454,0,FIN
401,8,10,8,8,6,2,0,3.230324764,1,555,1,MKTG
402,8,6,5,6,8,4,2,3.42573669,1,405,0,MKTG
403,8,6,8,5,4,2,0,2.782270295,1,333,0,MGMT
404,8,7,6,4,6,2,0,3.466487504,1,481,0,FIN
405,8,8,5,6,4,2,4,3.60349708,0,447,0,MKTG
406,8,6,5,8,4,3,2,4.246736589,0,495,0,ACCT
407,8,8,5,8,8,2,2,3.294521065,1,467,0,MGMT
408,8,10,6,4,4,12,2,3.51997489,0,736,0,MKTG
409,8,10,6,6,6,8,1,3.784924959,0,626,0,ACCT
410,8,8,6,6,8,2,2,2.678252631,1,443,0,MGMT
411,8,8,6,8,8,4,0,3.67409185,1,502,0,ACCT
412,12,9,6,6,4,2,2,2.673513395,1,448,0,FIN
413,8,10,8,8,6,3,0,4.290823105,0,551,0,MKTG
414,8,8,6,7,5,5,0,2.777994432,1,546,0,FIN
415,8,8,6,8,6,3,0,3.467134943,1,471,0,ACCT
416,8,8,6,8,4,2,2,3.816008928,1,387,0,FIN
417,8,8,5,6,4,6,2,2.684679038,1,503,0,FIN
418,8,8,8,6,6,2,0,4.045365643,1,654,1,FIN
419,8,10,6,8,8,4,0,3.094640598,0,398,0,ACCT
420,8,8,6,6,8,2,0,3.106748527,1,496,0,FIN
421,8,6,6,6,8,2,0,3.787169334,0,564,0,MGMT
422,8,8,5,8,6,2,0,2.923692086,0,546,1,ACCT
423,8,6,6,4,6,4,2,3.428480926,0,424,1,MGMT
424,8,8,6,6,6,7,0,3.744998537,0,632,1,FIN
425,8,8,6,8,4,14,3,3.541052293,0,431,0,MKTG
426,8,8,6,6,6,4,2,4.162311286,0,471,0,FIN
427,8,8,6,9,6,8,2,3.153910538,0,485,0,FIN
428,8,8,6,4,4,3,2,3.584059042,0,521,0,MGMT
429,8,8,6,6,8,2,2,2.977531082,0,382,0,MGMT
430,8,8,7,6,6,15,4,3.1545078,1,615,1,MKTG
431,8,12,6,6,4,2,4,3.793119288,1,542,0,MGMT
432,8,7,8,6,8,2,2,3.651799302,1,487,0,MKTG
433,8,8,6,5,8,2,0,3.020117447,0,442,0,ACCT
434,8,10,8,6,7,4,2,2.981547035,0,488,0,FIN
435,8,8,8,8,6,8,2,4.197100175,0,603,0,MKTG
436,8,10,6,6,8,4,0,3.676508267,0,524,0,FIN
437,8,8,6,6,6,3,1,3.193614843,1,439,1,MGMT
438,8,8,5,4,4,7,1,2.968072435,1,479,1,FIN
439,8,8,6,5,6,2,0,2.543848187,1,481,0,ACCT
440,8,10,6,8,6,4,0,3.955882774,1,344,0,MGMT
441,8,10,8,6,6,4,6,2.754392614,1,733,0,MGMT
442,8,6,7,8,4,4,2,3.293511811,0,609,0,ACCT
443,8,6,6,6,6,8,3,3.496746851,0,528,1,MGMT
444,8,6,6,6,6,4,0,2.769752192,1,444,0,FIN
445,10,9,6,8,6,2,5,3.57044784,1,488,0,I S
446,8,8,6,6,4,4,0,3.072236143,0,494,0,FIN
447,8,10,6,8,6,2,2,3.623256257,0,567,1,I S
448,8,8,6,6,6,5,2,3.615198966,0,651,1,ACCT
449,8,10,9,6,4,5,0,3.712493767,0,536,0,MKTG
450,8,6,6,6,4,2,0,2.329981093,1,404,0,FIN
451,8,7,6,8,4,2,2,3.527532438,1,414,1,FIN
452,8,6,5,6,6,6,1,2.591485841,1,463,0,MKTG
453,12,8,10,8,4,2,0,3.100325241,0,427,0,ACCT
454,8,10,9,8,8,4,5,3.565273389,0,580,0,FIN
455,8,6,6,6,4,8,2,2.917343328,1,523,0,ACCT
456,8,10,6,6,6,10,0,3.574111114,1,518,0,ACCT
457,8,10,8,8,8,2,0,3.65882536,0,637,0,FIN
458,8,6,6,8,4,2,3,3.311902267,0,381,1,FIN
459,8,6,6,4,6,2,0,3.054221053,0,414,0,MKTG
460,8,9,6,8,4,2,0,3.248172215,0,423,1,MGMT
461,8,8,4,4,4,2,2,2.978684017,1,417,0,MGMT
462,8,8,6,4,6,2,2,3.782849035,0,458,1,ACCT
463,8,6,6,6,8,4,4,2.915482154,0,438,1,ACCT
464,8,6,6,6,6,5,0,3.230724662,0,442,0,MGMT
465,8,10,6,8,6,6,0,3.355110297,0,519,1,MKTG
466,8,7,6,8,4,3,4,3.17566291,1,417,0,MGMT
467,8,8,6,6,6,2,2,3.814743079,1,425,0,MGMT
468,8,8,6,6,4,7,0,3.758789593,0,451,0,FIN
469,10,7,4,6,4,3,2,4.200882583,0,565,0,MKTG
470,8,6,8,4,6,2,2,3.234761614,0,501,0,FIN
471,8,10,5,6,4,2,4,3.822739109,0,543,0,ACCT
472,8,8,7,8,6,4,0,3.026729573,1,492,1,MKTG
473,8,9,6,6,7,2,0,3.179431904,1,504,1,MGMT
474,10,8,8,6,4,4,10,3.782825947,0,485,1,FIN
475,8,6,6,4,6,3,2,3.125914488,1,386,0,MKTG
476,9,10,6,6,4,2,4,4.124334858,1,561,1,MGMT
477,8,8,7,8,6,3,0,3.195089545,0,488,0,ACCT
478,8,8,6,6,4,6,0,3.950725582,0,429,0,MKTG
479,8,10,6,6,6,2,2,3.453066047,0,468,0,FIN
480,8,10,6,6,4,3,1,3.31108405,1,507,0,ACCT
481,8,8,7,6,4,4,0,3.017597491,1,450,0,FIN
482,9,10,5,10,4,2,0,2.75213413,1,427,0,MGMT
483,10,10,6,8,6,7,3,3.462089552,0,540,0,MGMT
484,8,10,5,4,6,6,4,3.752038138,1,478,0,MGMT
485,8,8,6,6,6,2,2,3.124195393,1,412,0,MKTG
486,8,10,6,6,6,2,2,4.042953411,0,548,1,I S
487,8,8,6,8,6,3,0,2.756856912,0,460,1,I S
488,8,6,5,6,4,3,2,3.185641594,1,384,0,MGMT
489,8,6,6,6,6,2,0,3.002025555,0,426,0,MKTG
490,8,10,5,6,6,2,2,2.967834847,1,541,0,I S
491,8,12,6,4,6,6,0,3.92293741,1,506,0,FIN
492,8,8,6,6,6,5,0,3.010171223,1,427,0,MGMT
493,8,6,4,8,6,10,4,3.292258609,0,414,0,MKTG
494,8,10,6,4,6,2,2,3.987451764,0,581,0,MGMT
495,8,8,7,8,4,6,0,3.445747885,1,442,0,MGMT
496,8,8,5,6,4,2,6,3.745510952,0,665,1,MGMT
497,8,8,6,6,8,2,0,3.843470868,1,475,1,MKTG
498,8,6,6,8,6,2,0,3.524198749,0,527,1,I S
499,8,6,5,8,4,4,3,2.688758846,1,436,0,ACCT
500,8,8,6,6,8,2,3,3.372506973,0,555,0,MKTG
501,8,6,5,4,4,9,4,3.342754285,0,445,0,MKTG
502,8,10,6,8,6,2,0,3.967928459,1,490,0,FIN
503,8,10,6,8,6,2,0,3.860620542,1,560,0,ACCT
504,8,6,4,6,4,4,5,2.713320012,1,339,0,FIN
505,8,10,6,8,4,2,2,3.931059918,1,479,1,FIN
506,8,6,6,6,8,2,0,2.433293774,1,512,0,MKTG
507,8,6,5,6,4,10,0,3.260970843,0,372,0,MKTG
508,8,7,8,6,6,2,0,4.069473868,0,370,0,FIN
509,8,8,5,7,5,3,0,3.543156729,0,548,0,I S
510,8,6,6,4,7,9,0,3.563754922,0,422,0,FIN
511,8,8,6,8,8,4,0,3.746757966,1,448,0,ACCT
512,8,9,6,4,4,2,2,4.258777538,1,523,1,MGMT
513,8,12,6,8,6,2,1,3.805939435,1,479,0,I S
514,8,8,6,6,6,2,4,3.417206222,0,468,0,FIN
515,8,10,7,6,6,2,2,4.227309047,1,569,0,ACCT
516,8,8,6,6,6,2,2,3.47642168,1,494,0,FIN
517,8,8,6,8,6,2,0,3.775981813,1,522,0,FIN
518,8,8,6,6,4,4,3,3.745870882,0,381,0,MGMT
519,8,9,6,4,4,10,0,3.761283221,0,470,0,MKTG
520,8,10,6,6,8,2,0,2.890516459,0,345,0,ACCT
521,8,8,6,6,4,6,4,2.973203519,1,334,1,MGMT
522,8,10,6,8,6,2,0,3.830929392,0,582,1,FIN
523,8,8,6,7,4,8,1,3.035323443,1,430,0,FIN
524,8,8,6,8,6,4,0,3.992609403,1,596,0,MGMT
525,8,6,6,8,6,2,1,2.814449327,0,554,0,FIN
526,8,8,6,6,6,2,0,2.757361932,0,440,1,ACCT
527,8,9,6,12,8,6,2,3.067037522,0,466,0,ACCT
528,8,14,6,8,6,4,2,3.291944948,1,629,0,I S
529,8,8,5,5,6,2,2,3.469455487,0,470,0,ACCT
530,8,8,6,4,6,8,2,3.919226061,1,462,0,MGMT
531,8,11,8,8,6,6,2,3.877925556,0,575,0,FIN
532,12,10,6,5,4,6,2,3.560617147,0,503,1,MGMT
533,9,8,6,6,8,7,0,4.34931012,1,420,0,ACCT
534,8,8,6,6,6,2,0,3.391464767,0,493,1,FIN
535,8,10,6,6,4,3,0,3.005128431,1,456,0,I S
536,8,8,6,6,8,2,2,3.348659295,0,351,0,MGMT
537,8,10,6,6,8,4,2,3.486424088,0,669,0,MGMT
538,8,9,7,5,4,3,1,3.453788692,0,579,0,MGMT
539,8,10,5,8,6,2,2,3.349170855,1,377,0,FIN
540,8,8,5,6,6,3,3,2.271290421,0,473,0,FIN
541,8,8,8,7,8,2,2,3.76209445,0,480,0,ACCT
542,8,8,6,6,8,2,2,3.356557941,1,466,1,ACCT
543,9,10,8,6,4,4,4,4.259407436,0,522,0,ACCT
544,8,8,6,6,6,4,0,2.924179363,0,532,0,MGMT
545,8,6,6,6,6,4,3,3.077621176,1,479,1,MKTG
546,8,8,6,4,4,4,2,3.104549533,1,550,1,MGMT
547,8,8,6,5,7,2,1,2.826778273,1,551,0,MKTG
548,8,10,6,8,8,4,0,3.471204912,0,497,0,MKTG
549,8,6,6,4,4,3,0,2.419564048,0,440,0,FIN
550,8,12,6,8,8,2,4,3.754599864,0,604,0,MKTG
551,8,10,6,8,8,3,2,3.543827415,0,513,0,FIN
552,8,8,7,6,4,2,0,2.558477852,1,542,0,MKTG
553,8,8,8,6,4,2,0,2.724838147,1,488,0,MGMT
554,8,7,6,4,4,4,0,4.220518309,0,568,1,MGMT
555,10,10,6,10,8,2,4,4.365854857,0,495,0,FIN
556,8,8,6,6,8,2,2,3.331516093,0,470,0,MKTG
557,8,8,8,6,4,4,0,3.658514158,0,363,0,MGMT
558,8,6,6,8,8,4,2,3.098035686,1,440,0,FIN
559,8,6,5,4,4,2,1,3.129566642,0,478,0,FIN
560,8,10,4,6,6,6,4,3.991408152,0,578,0,ACCT
561,8,6,4,4,6,4,0,2.527234892,1,473,1,MGMT
562,8,10,6,8,10,4,2,3.976888957,0,555,1,FIN
563,8,10,6,8,8,2,0,4.544668409,0,470,1,MKTG
564,8,10,6,6,8,2,0,3.649020609,1,513,0,ACCT
565,8,8,7,7,8,2,0,3.140565112,1,532,0,MGMT
566,8,8,6,10,5,2,1,2.79377142,1,504,0,FIN
567,8,6,7,4,8,2,1,2.692022898,1,491,0,MGMT
568,8,8,8,6,4,2,0,3.724945691,0,583,0,MGMT
569,8,8,6,6,6,4,2,3.603710442,0,509,0,FIN
570,8,8,9,5,8,2,0,3.403293408,1,552,0,FIN
571,8,8,5,4,4,3,3,3.651364683,0,516,1,ACCT
572,8,8,6,6,6,2,0,4.250326382,0,593,0,MKTG
573,8,8,6,8,4,6,0,4.182664032,0,518,0,FIN
574,8,8,6,8,6,2,0,3.025828342,1,537,0,ACCT
575,8,10,5,6,4,4,3,4.06702024,1,526,1,FIN
576,8,6,6,6,6,2,4,4.137775867,0,339,0,MKTG
577,8,10,6,6,4,8,0,3.275073817,1,473,0,FIN
578,8,12,6,6,6,9,0,3.929795122,0,502,0,FIN
579,8,8,6,8,6,2,0,3.69140284,1,564,0,MGMT
580,8,8,6,6,4,2,2,4.117240848,1,533,0,MGMT
581,8,7,6,6,8,5,2,3.505552469,0,468,0,MGMT
582,8,12,6,8,6,4,0,3.717647297,0,446,0,MKTG
583,8,10,5,8,4,2,1,3.031002146,1,491,0,MGMT
584,8,6,6,8,4,2,0,3.144499333,1,418,1,MKTG
585,8,10,9,7,4,2,2,3.8464832,1,540,0,MGMT
586,8,8,6,8,4,4,0,3.622527792,1,406,0,MKTG
587,8,8,6,8,6,2,2,3.205225648,0,486,0,MKTG
588,8,8,8,8,8,6,0,3.113528943,0,485,0,MGMT
589,8,6,6,6,6,2,2,3.135532189,0,559,0,MGMT
590,10,6,8,6,8,2,4,3.664607237,0,361,0,FIN
591,8,8,6,6,4,2,2,3.416008081,1,515,0,ACCT
592,8,7,7,8,8,2,0,3.870360203,0,501,0,FIN
593,8,8,8,6,6,5,0,3.502685639,0,506,0,ACCT
594,8,8,6,6,4,6,0,4.024000788,0,294,0,FIN
595,8,8,6,8,8,2,2,3.776011041,0,399,0,MKTG
596,8,10,8,6,4,4,1,4.330212155,0,394,0,ACCT
597,8,8,6,8,4,2,2,3.140259377,0,388,0,MGMT
598,8,10,7,6,6,2,2,2.820592459,1,468,0,MKTG
599,8,8,6,8,6,2,0,3.14822615,1,549,0,I S
600,8,8,6,4,6,3,0,3.209469525,0,395,1,ACCT
601,10,8,7,5,4,4,3,3.901542522,0,439,0,FIN
602,8,6,5,8,10,2,3,3.591720495,0,381,0,MKTG
603,8,10,6,8,6,2,0,4.205723287,0,510,1,MGMT
604,8,10,6,6,5,2,1,3.143275934,1,518,0,ACCT
605,8,6,6,6,6,2,0,2.681970841,0,487,1,MGMT
606,8,8,6,8,8,4,2,2.699173638,1,480,0,MGMT
607,8,10,6,4,8,2,1,4.017633386,0,447,1,MKTG
608,12,7,11,8,4,4,2,3.271372067,1,540,0,ACCT
609,8,8,6,8,8,2,3,3.641010111,1,490,1,MKTG
610,8,10,7,10,6,8,0,3.838200242,1,479,0,FIN
611,8,10,6,6,4,5,0,3.195079791,1,610,0,MGMT
612,12,9,6,6,6,4,2,3.908900132,1,491,0,MKTG
613,8,8,6,8,4,2,2,3.878099428,1,399,1,ACCT
614,8,10,6,6,4,13,2,4.016358079,1,593,1,MKTG
615,8,8,8,6,6,2,0,3.560046057,1,402,0,ACCT
616,8,10,6,8,6,2,0,3.083219656,1,517,1,FIN
617,8,10,7,10,6,2,0,3.079599453,0,602,0,MGMT
618,8,8,6,6,4,2,0,3.420315744,0,469,1,MGMT
619,10,10,6,8,6,4,0,3.461188807,0,424,0,ACCT
620,8,7,6,6,10,2,1,4.041611573,0,504,0,MKTG
621,8,6,7,6,6,4,2,2.973809417,0,436,0,MKTG
622,8,10,7,8,6,2,0,3.676114283,1,517,0,ACCT
623,8,12,6,8,8,6,0,3.58735963,0,538,1,FIN
624,8,6,6,5,8,10,0,2.353596514,0,489,0,I S
625,8,10,6,8,4,4,2,3.954767872,1,611,0,MGMT
626,8,8,5,8,4,4,1,3.056519549,0,416,0,MGMT
627,8,10,4,7,8,3,4,3.96036425,0,598,0,MKTG
628,8,10,8,6,4,2,2,4.071044031,1,508,1,MKTG
629,8,10,5,8,4,2,3,3.486031863,0,573,1,I S
630,8,8,6,6,4,2,2,3.394931105,1,462,0,ACCT
631,8,6,5,8,4,7,2,2.966131605,1,481,0,ACCT
632,8,8,6,6,4,3,0,3.218437311,1,390,0,MKTG
633,8,8,6,6,6,9,0,3.741335833,1,579,1,MGMT
634,8,10,6,6,6,2,0,3.310610458,1,635,1,MGMT
635,10,12,7,6,6,4,3,3.404566185,1,514,0,FIN
636,8,7,6,8,4,4,2,3.571475016,1,428,0,FIN
637,8,8,8,8,6,2,2,3.8974953,0,539,0,MKTG
638,8,8,6,6,6,10,0,3.818481973,0,473,0,MKTG
639,8,10,6,6,6,2,2,3.518239586,0,655,0,FIN
640,8,10,6,8,6,8,2,4.078360618,0,528,0,MKTG
641,8,9,6,6,6,4,2,3.9914856,0,407,0,ACCT
642,8,10,6,6,6,6,1,2.548933338,1,403,0,MKTG
643,8,6,6,6,4,4,2,3.121791356,0,382,0,MGMT
644,8,12,7,6,4,3,2,3.718855204,1,444,0,FIN
645,8,8,6,6,7,2,0,2.893226727,1,525,0,MGMT
646,9,6,6,6,6,4,1,2.88808963,1,592,0,FIN
647,8,8,6,8,4,2,2,3.55247306,0,537,0,MGMT
648,8,6,6,8,6,4,0,3.055760767,0,392,0,ACCT
649,8,6,5,8,4,5,1,2.521775896,0,501,0,ACCT
650,8,10,6,6,6,4,2,3.204865633,0,578,1,MGMT
651,8,9,7,6,4,6,2,3.1615901,1,459,0,MGMT
652,8,8,6,8,8,2,0,3.900918486,1,433,0,MGMT
653,8,10,6,6,6,2,1,3.189160392,0,533,0,MGMT
654,8,9,5,8,4,4,4,3.973437595,1,509,0,MGMT
655,8,6,6,6,4,2,0,3.501385329,1,366,1,ACCT
656,8,6,6,6,6,4,2,3.326353471,0,492,0,ACCT
657,8,10,6,8,6,2,2,4.388499059,1,587,1,MGMT
658,8,6,6,8,10,2,2,3.592216604,0,398,0,MKTG
659,8,8,6,8,12,4,2,3.650494388,0,453,0,ACCT
660,8,10,6,8,6,6,1,3.350890807,0,505,1,ACCT
661,8,6,6,4,4,4,0,3.623565807,0,311,0,I S
662,8,10,6,8,8,10,2,4.200186671,0,400,1,MGMT
663,8,8,5,6,10,4,9,3.981648008,1,526,0,FIN
664,8,10,8,8,8,2,2,3.390169844,1,424,0,MGMT
665,8,10,6,6,6,2,4,3.742471762,0,511,0,MKTG
666,8,10,6,8,8,4,2,3.692821876,0,415,0,MKTG
667,8,10,6,8,8,2,0,3.167589531,0,492,1,I S
668,8,8,6,6,6,2,2,3.238084843,1,496,0,MGMT
669,8,6,5,4,6,2,1,3.279452137,0,477,0,MKTG
670,8,10,6,8,6,2,0,3.842371218,0,494,0,MKTG
671,8,6,6,6,8,2,2,3.836844718,0,542,1,FIN
672,8,6,5,4,4,5,1,2.614022545,1,570,0,MGMT
673,8,10,6,4,8,5,0,3.365879255,0,475,0,ACCT
674,8,8,6,6,6,4,2,3.524616938,0,419,0,I S
675,8,9,5,6,6,5,1,3.407030439,0,627,1,ACCT
676,11,8,6,5,6,2,0,3.401676643,1,511,0,MKTG
677,8,8,6,8,6,6,2,3.999684675,0,530,1,ACCT
678,8,10,8,8,5,6,0,2.67802035,0,446,0,MKTG
679,8,8,6,6,8,14,1,4.342546025,0,482,1,MGMT
680,8,9,6,8,6,8,0,3.263831729,1,673,0,MKTG
681,8,9,8,6,5,8,2,2.900043901,1,602,0,MGMT
682,8,7,8,6,4,2,0,2.925401592,1,553,0,FIN
683,8,10,6,10,6,9,1,2.959286355,1,659,0,MKTG
684,8,8,6,8,10,2,2,3.486160311,1,480,0,ACCT
685,8,12,6,8,4,2,6,3.164721142,0,592,0,FIN
686,8,7,5,6,6,2,1,3.025574747,1,405,0,MGMT
687,8,10,6,6,6,2,2,3.034565818,0,422,0,ACCT
688,8,8,6,6,4,1,1,2.852243086,1,423,0,ACCT
689,8,8,6,7,8,2,2,2.431695961,0,501,0,MGMT
690,8,10,6,6,4,2,7,3.682143703,0,441,1,I S
691,8,10,6,8,6,8,0,3.974742211,1,455,0,ACCT
692,8,9,5,7,6,2,1,4.076327306,0,610,1,ACCT
693,8,10,6,6,4,2,4,3.35988919,1,518,1,MKTG
694,8,8,6,6,4,2,6,4.092080759,1,483,0,MKTG
695,8,6,8,6,8,4,0,3.231629047,0,572,0,FIN
696,8,10,6,6,6,4,0,3.549468471,0,502,0,FIN
697,8,8,5,8,8,2,1,3.57462454,0,452,0,I S
698,8,10,8,6,6,4,2,3.466764399,1,619,0,MKTG
699,8,10,5,8,4,4,3,4.310833248,1,524,0,MGMT
700,8,8,8,6,6,4,3,4.135959852,1,509,0,MKTG
701,8,10,6,8,10,2,2,3.924339263,0,436,0,MGMT
702,8,6,6,6,4,2,0,3.224753094,0,425,0,MKTG
703,8,8,6,6,8,6,0,3.610449617,0,594,1,MGMT
704,8,8,6,6,4,2,2,3.732062922,0,444,0,FIN
705,8,8,6,5,6,4,0,4.164964011,1,663,0,MGMT
706,8,6,6,8,4,2,1,3.629305738,0,345,0,FIN
707,9,6,6,4,4,2,1,3.239628672,0,528,1,ACCT
708,8,6,8,6,10,16,0,3.617658974,0,692,0,MKTG
709,8,10,6,6,8,2,0,4.253642506,0,548,1,FIN
710,8,8,6,6,4,5,0,3.380635934,0,507,0,MKTG
711,8,8,6,8,8,2,0,3.180770503,1,490,1,MGMT
712,10,10,6,6,6,2,0,3.673081585,0,491,1,MKTG
713,8,8,7,6,6,2,1,3.240000185,0,442,0,MKTG
714,8,6,7,8,6,5,1,2.845558125,0,501,0,ACCT
715,8,12,6,8,4,10,0,3.872242753,0,547,1,MKTG
716,8,6,6,6,10,4,0,3.760870226,1,645,0,MGMT
717,8,10,8,8,4,2,2,3.007235525,0,492,0,ACCT
718,8,10,8,6,6,7,2,3.3565623,1,551,1,FIN
719,8,10,6,4,8,8,3,3.604052575,0,507,1,MGMT
720,8,10,5,6,6,2,2,2.990086041,0,489,1,FIN
721,8,8,6,4,6,2,1,2.759435504,0,414,0,I S
722,8,10,6,6,6,4,1,3.044572715,0,397,0,FIN
723,8,8,6,4,6,6,0,3.765401709,0,598,0,MGMT
724,10,8,6,8,6,14,2,3.498349934,0,541,0,MGMT
725,8,10,6,6,6,5,0,3.351694226,1,644,0,MGMT
726,8,6,4,4,4,2,4,3.082905477,1,470,0,ACCT
727,8,12,6,6,8,13,1,3.272305791,1,456,1,FIN
728,8,10,7,8,6,2,3,3.826644117,1,513,0,FIN
729,8,8,8,8,6,2,0,3.272866282,0,440,0,MGMT
730,8,6,6,6,4,2,2,2.281570436,1,577,1,MKTG
731,8,10,6,4,8,2,0,2.953122413,0,493,0,MKTG
732,8,6,6,8,4,5,2,3.801915099,1,493,0,FIN
733,8,10,8,7,6,6,0,3.681455684,0,515,0,MGMT
734,8,6,7,4,8,10,6,3.393583337,0,621,1,FIN
735,8,10,6,8,4,4,2,4.357130561,0,570,0,ACCT
736,8,7,6,6,6,3,1,2.963848884,1,570,0,FIN
737,8,6,6,4,4,3,2,3.239301886,0,608,0,MGMT
738,8,8,6,4,8,4,2,3.154673016,1,405,0,ACCT
739,8,8,6,6,6,2,0,3.56437504,1,448,0,MKTG
740,8,10,6,6,4,3,2,2.958947625,1,400,0,FIN
741,8,6,6,4,6,2,3,3.297402036,0,414,1,FIN
742,8,6,5,8,7,3,2,3.20937813,0,335,0,MGMT
743,8,8,6,10,8,2,2,4.234249036,0,621,0,MKTG
744,8,6,6,7,6,4,0,2.824908901,1,582,0,FIN
745,8,8,6,8,8,2,0,4.052912713,0,558,0,MKTG
746,8,7,6,8,6,11,0,3.468829969,0,522,1,FIN
747,8,12,6,8,8,2,2,3.693565597,0,458,0,ACCT
748,8,8,6,6,6,4,2,2.870765499,1,582,0,MGMT
749,8,10,6,8,4,2,0,3.519897881,0,673,1,ACCT
750,8,9,6,6,5,2,4,3.619270224,0,455,0,MGMT
751,8,8,6,10,6,7,0,3.271978436,0,485,0,FIN
752,8,6,6,7,8,2,2,3.602949752,0,439,0,ACCT
753,8,9,6,8,4,11,0,3.325216232,1,587,0,ACCT
754,8,8,5,6,4,2,0,2.582053861,1,392,0,FIN
755,8,6,6,5,6,2,0,2.511856867,0,606,0,MKTG
756,8,8,7,6,6,3,1,3.069983281,1,530,0,MGMT
757,8,8,6,6,6,5,2,3.04839006,0,475,1,MKTG
758,8,8,6,4,4,14,0,3.381489566,0,468,0,FIN
759,8,10,6,4,6,4,2,2.825556321,1,439,0,MKTG
760,8,8,6,8,4,4,2,3.232609685,1,598,0,MKTG
761,8,7,6,4,10,2,0,2.911625916,1,449,0,MGMT
762,8,8,6,6,4,4,2,3.874079166,0,541,0,ACCT
763,8,8,5,8,4,10,2,3.738756147,0,525,1,MGMT
764,8,8,6,5,4,2,2,3.522972154,0,358,0,MKTG
765,8,8,6,6,6,2,0,3.550326293,0,649,0,MKTG
766,8,6,5,5,4,4,0,3.204955328,0,366,0,FIN
767,8,10,6,8,6,8,0,3.994829438,0,545,1,I S
768,8,10,6,6,6,2,0,2.976689429,1,436,0,ACCT
769,8,8,6,8,6,2,0,3.007890217,0,491,1,MKTG
770,8,12,6,8,6,3,0,4.001779952,0,544,0,MGMT
771,8,10,6,8,6,4,0,3.163910728,0,412,0,ACCT
772,0,0,0,0,0,0,0,3.95474404,1,461,0,FIN
773,8,8,5,8,6,2,1,2.933053544,1,450,0,MGMT
774,5,2,5,5,5,10,0,3.806568273,0,360,0,FIN
775,8,10,6,8,6,2,2,3.459342011,1,552,0,MKTG
776,8,6,8,7,6,2,8,2.705624238,1,561,1,FIN
777,8,10,6,8,6,4,0,3.113310322,0,542,1,FIN
778,8,6,6,4,4,2,4,3.603439457,0,420,0,I S
779,8,10,6,6,8,4,2,4.136440717,0,512,1,MGMT
780,8,9,6,6,6,3,0,3.829478896,0,498,1,ACCT
781,8,10,8,8,6,2,0,2.850455761,0,563,1,MKTG
782,8,6,6,6,6,2,0,3.013439582,0,391,0,FIN
783,8,10,6,6,6,5,2,3.549702887,1,447,0,ACCT
784,8,8,8,6,4,2,0,3.607070768,0,470,0,MKTG
785,8,10,9,16,10,5,4,3.570482806,1,527,1,ACCT
786,8,10,6,5,4,2,2,3.497219768,1,352,0,I S
787,8,10,6,8,6,2,0,3.80355357,0,398,0,MGMT
788,8,7,5,8,6,2,1,3.786797164,1,411,0,FIN
789,8,8,6,8,6,2,0,3.721308851,0,530,1,MGMT
790,8,8,6,8,6,2,0,2.955914533,1,487,1,FIN
791,8,8,8,6,6,4,4,3.697540274,0,512,0,FIN
792,8,8,6,6,4,2,0,3.35490961,1,437,1,MGMT
793,8,8,7,6,8,5,0,3.911861534,0,564,1,MKTG
794,8,10,5,8,4,3,2,3.671410977,1,382,0,MGMT
795,8,10,6,6,4,2,5,3.883617226,0,509,0,MGMT
796,8,7,11,6,4,2,2,2.649986062,0,572,0,ACCT
797,8,8,6,8,6,2,2,3.447737125,0,491,0,ACCT
798,8,8,6,5,6,8,2,3.280721034,1,629,0,MKTG
799,8,6,6,10,8,8,0,3.284602992,1,452,0,FIN
800,8,6,5,4,4,5,3,3.471983268,0,440,0,MGMT
801,8,10,6,8,6,10,0,2.927278578,1,448,0,MKTG
802,8,6,7,4,6,3,3,3.116195534,1,430,0,ACCT
803,8,6,8,6,6,2,0,2.454167108,1,426,0,I S
804,12,14,6,6,4,2,2,3.289908805,0,378,0,ACCT
805,8,10,6,10,8,2,1,2.907303382,0,474,1,FIN
806,8,8,7,5,6,3,3,3.136241572,1,418,0,ACCT
807,8,8,6,7,4,2,2,3.333754561,0,425,0,MKTG
808,8,6,5,6,4,2,5,2.811221085,1,528,0,MKTG
809,8,12,7,8,8,8,2,4.032936831,0,631,0,MGMT
810,8,8,6,6,6,4,0,2.797703542,0,472,0,MGMT
811,0,0,0,0,0,0,0,3.574713943,1,537,1,MKTG
812,8,8,11,7,4,4,2,4.384124534,0,466,0,FIN
813,8,8,5,7,6,4,2,3.041926812,1,613,0,MGMT
814,10,8,6,10,4,2,4,3.276633993,0,494,0,FIN
815,8,8,5,4,4,5,3,2.899643053,1,509,0,MKTG
816,8,6,6,8,6,13,0,3.10072543,0,496,1,MGMT
817,8,6,5,4,4,15,3,2.269522184,1,607,0,MGMT
818,8,6,6,8,4,5,2,2.980221578,0,380,0,MGMT
819,8,8,6,4,8,2,1,3.20372106,1,390,0,MGMT
820,8,8,8,8,6,14,0,3.975268548,0,578,1,FIN
821,8,6,6,4,4,5,0,3.175720655,0,417,0,I S
822,8,6,6,8,6,4,0,2.952341243,0,561,0,ACCT
823,8,10,4,8,6,4,4,3.711817001,0,531,1,MGMT
824,8,7,5,6,6,3,1,3.208451741,0,422,0,FIN
825,8,8,6,8,6,4,2,4.240560226,0,513,0,ACCT
826,8,8,6,8,6,4,0,4.056378134,0,616,1,MKTG
827,8,8,5,8,4,2,2,3.416913014,1,432,0,I S
828,8,7,5,4,4,4,2,3.080389984,1,427,0,MGMT
829,8,7,6,5,6,2,0,3.078354283,1,420,1,FIN
830,8,8,6,8,4,4,2,3.737111551,0,716,0,MGMT
831,8,6,6,8,6,2,2,2.800375834,0,556,0,MKTG
832,8,8,6,8,6,6,0,2.854815004,1,474,0,MKTG
833,8,10,6,4,4,4,2,3.468192724,1,469,0,FIN
834,8,10,6,8,4,10,0,4.447484084,0,603,1,ACCT
835,8,8,6,8,6,4,0,3.792151335,0,429,0,MGMT
836,8,10,6,6,12,2,2,3.598637172,0,608,1,MKTG
837,8,10,6,6,6,2,2,3.205709584,0,558,1,MKTG
838,8,10,6,8,6,3,2,3.836822645,0,558,0,MGMT
839,8,10,8,6,8,2,3,3.170101251,1,429,0,I S
840,8,10,6,6,6,10,0,3.106454938,0,477,1,ACCT
841,8,8,6,4,6,3,0,3.683023467,0,362,1,MKTG
842,8,7,5,4,7,16,1,2.414426404,1,553,0,ACCT
843,8,8,5,10,6,2,3,4.197625635,1,543,1,FIN
844,8,6,6,4,4,3,2,3.139106773,1,464,0,MGMT
845,8,10,6,4,8,12,0,3.228570201,0,598,0,MGMT
846,8,10,5,8,8,2,3,3.290720646,0,471,0,FIN
847,8,8,6,6,6,2,3,3.220986891,0,494,1,FIN
848,8,6,6,10,6,9,2,3.745550147,1,507,0,MGMT
849,8,6,4,4,4,4,2,2.57909275,0,439,0,MKTG
850,8,10,7,7,8,2,2,3.623944728,1,567,0,MKTG
851,8,8,6,4,4,2,0,4.045049179,1,374,0,ACCT
852,8,10,7,8,6,2,2,3.715952742,1,588,0,MGMT
853,8,8,6,6,6,4,0,2.532057094,0,509,0,MGMT
854,8,8,8,4,6,3,4,3.591400716,0,382,1,MGMT
855,8,8,6,6,6,2,2,3.705681432,0,572,0,I S
856,8,10,5,8,4,2,4,2.793076271,1,454,0,FIN
857,8,6,6,8,4,2,0,3.125310711,1,360,0,MGMT
858,9,8,8,7,6,3,1,3.395514292,1,510,1,FIN
859,8,6,5,4,8,3,4,3.472651957,0,386,0,ACCT
860,8,6,6,8,6,2,0,3.782450318,1,424,0,MGMT
861,8,10,6,7,8,2,0,3.983171585,0,520,1,FIN
862,8,10,6,4,6,10,3,3.864548223,0,437,1,ACCT
863,8,8,6,8,6,5,1,2.510627826,1,557,1,FIN
864,10,10,6,6,4,6,4,3.547385805,0,492,0,MKTG
865,8,10,8,9,6,11,3,2.989955148,1,579,0,ACCT
866,8,10,6,6,6,4,3,4.03919313,1,509,1,FIN
867,8,8,6,8,5,4,0,3.598257976,0,534,1,FIN
868,8,9,6,4,6,4,2,3.582627366,1,385,0,ACCT
869,8,10,6,4,4,2,0,3.215958783,0,510,0,FIN
870,8,10,6,6,6,2,5,3.086315335,0,577,0,ACCT
871,8,10,8,6,6,10,4,3.613099965,0,489,0,ACCT
872,8,10,6,6,8,2,0,3.612710976,0,418,0,ACCT
873,8,8,6,4,4,4,0,2.601297506,1,457,0,FIN
874,8,6,6,6,6,6,1,3.115230949,0,470,0,MGMT
875,8,8,5,8,10,2,1,3.184580417,0,500,0,MKTG
876,8,6,6,4,4,6,2,3.192670476,0,509,0,MKTG
877,8,6,8,6,8,4,4,3.516502512,0,491,0,MKTG
878,8,8,5,8,6,2,3,4.064844291,0,515,1,MGMT
879,8,10,5,4,4,2,3,3.023157002,0,440,0,MGMT
880,8,6,6,6,6,4,3,3.386952917,0,428,0,MKTG
881,8,8,6,8,6,3,0,3.965329025,0,518,0,MGMT
882,8,10,8,8,8,2,2,4.188736789,0,587,1,MKTG
883,8,8,6,4,4,2,2,3.232441463,1,414,0,I S
884,8,10,5,6,6,6,0,2.900005264,1,640,1,MKTG
885,8,10,8,6,6,2,4,3.534645884,0,582,0,FIN
886,10,10,6,8,8,2,2,3.795124771,0,437,0,MKTG
887,8,6,7,6,6,2,3,3.113228599,1,379,1,ACCT
888,8,8,6,8,4,7,0,3.145753319,0,515,0,FIN
889,8,9,6,5,6,2,2,3.666110874,0,518,0,MGMT
890,8,10,6,8,8,7,1,4.06223854,1,607,0,ACCT
891,8,8,6,4,4,9,0,3.114037071,0,449,0,MGMT
892,8,6,6,6,8,2,2,3.612020014,0,443,1,FIN
893,8,7,6,6,6,2,1,3.597682948,0,514,0,MGMT
894,8,9,8,8,6,2,0,3.80749987,1,466,0,FIN
895,8,7,6,6,4,16,2,3.515690647,0,649,1,MGMT
896,8,8,6,6,6,2,0,2.848964518,0,573,0,FIN
897,8,10,6,8,8,4,2,4.10026122,0,628,0,MKTG
898,8,8,6,6,4,4,0,3.149598883,1,460,0,FIN
899,8,8,5,6,8,2,3,3.974060689,1,412,0,MGMT
900,8,10,6,8,8,4,2,3.392481557,0,487,0,ACCT
901,8,8,6,5,4,8,2,2.776818304,1,370,1,ACCT
902,8,8,7,8,4,6,2,3.194448589,1,534,1,FIN
903,8,8,8,8,6,4,0,3.834761431,0,443,0,MGMT
904,8,7,8,6,4,3,1,3.682086874,0,402,0,ACCT
905,8,8,6,6,4,3,2,3.635058976,1,481,0,MGMT
906,8,10,8,8,8,2,2,3.991396277,0,456,0,MKTG
907,8,10,6,6,8,2,2,3.265264361,1,579,0,MGMT
908,8,8,9,10,4,2,0,3.349673199,0,392,1,FIN
909,8,12,6,6,6,4,0,3.939116391,0,459,1,ACCT
910,8,8,6,6,10,2,0,2.714596666,0,444,0,ACCT
911,8,8,6,8,8,2,2,3.005847242,0,538,0,MGMT
912,8,6,5,6,6,6,2,3.350527789,0,490,1,ACCT
913,8,10,6,6,6,2,2,2.938572586,0,470,0,FIN
914,8,10,9,6,8,2,0,3.465703783,0,580,1,ACCT
915,8,10,5,6,6,2,1,2.991773001,0,482,0,MGMT
916,8,10,6,6,6,2,0,3.113284436,1,488,0,MKTG
917,8,10,6,8,6,2,0,3.36174907,0,495,0,MGMT
918,8,7,6,6,6,2,2,3.482764575,1,541,1,MGMT
919,8,6,6,8,4,4,0,2.737303869,1,547,0,ACCT
920,8,8,5,6,6,3,3,3.185177758,0,487,0,MKTG
921,8,8,6,6,6,2,0,3.067287904,1,379,0,MKTG
922,8,10,6,6,8,2,1,4.288091648,0,785,1,FIN
923,8,8,6,8,6,2,0,2.756164484,0,548,1,MKTG
924,8,7,6,6,7,2,0,3.270048698,0,482,0,MKTG
925,8,8,6,5,4,2,2,3.202014947,0,521,1,MGMT
926,8,6,6,8,4,4,0,3.817829868,1,468,0,MKTG
927,8,8,6,6,4,4,2,3.400816895,0,497,1,ACCT
928,8,8,8,6,6,2,2,3.908492587,1,639,0,FIN
929,8,7,6,8,4,6,2,3.204563169,0,389,0,MKTG
930,8,6,8,7,6,4,6,2.368030608,1,498,0,FIN
931,8,8,6,4,6,6,0,3.476736029,1,476,0,MKTG
932,8,10,5,5,8,2,9,3.458822994,0,635,0,FIN
933,8,10,8,8,5,8,2,4.112908527,1,525,1,ACCT
934,8,12,6,6,6,4,2,3.614414735,0,599,0,ACCT
935,8,10,6,6,4,8,0,4.036477062,0,496,0,MGMT
936,8,8,6,6,4,11,0,3.460023441,1,397,0,MKTG
937,8,10,5,8,6,3,1,3.8052785,1,634,0,ACCT
938,8,10,7,6,6,2,0,3.403857807,0,439,0,FIN
939,8,8,6,4,10,7,0,4.210498373,0,648,1,MKTG
940,8,6,6,4,4,2,0,4.188627021,1,299,0,I S
941,8,12,6,8,6,2,0,4.264685799,0,598,0,MGMT
942,8,8,6,8,6,2,0,3.388131702,1,454,0,FIN
943,9,6,8,5,4,4,0,2.502079505,0,619,0,FIN
944,10,10,8,8,4,4,0,3.346291281,0,408,0,MGMT
945,8,10,5,7,6,2,2,2.702028236,0,492,0,MKTG
946,8,8,6,6,4,4,1,3.626097593,0,480,0,FIN
947,8,9,6,4,6,6,2,3.801212844,0,468,0,FIN
948,8,7,5,8,8,3,0,3.079846722,1,496,0,ACCT
949,8,10,8,8,6,2,0,3.028726685,1,519,0,ACCT
950,8,6,6,8,10,2,0,3.402349395,1,352,0,MKTG
951,8,8,6,6,6,3,2,3.551377081,0,462,1,I S
952,8,10,10,6,6,2,2,3.615507709,0,496,1,MGMT
953,8,8,5,4,8,8,4,3.77886081,1,545,0,MKTG
954,8,8,6,6,8,2,0,2.854274268,0,434,0,MGMT
955,8,6,6,7,8,2,0,2.928861921,1,354,1,MKTG
956,8,8,7,7,6,2,4,3.561449886,0,576,1,ACCT
957,8,8,6,7,4,2,0,3.680384716,0,525,0,ACCT
958,8,8,8,8,6,10,0,3.487728801,0,620,0,FIN
959,8,10,5,6,6,4,1,4.136483795,0,626,0,MGMT
960,8,10,6,8,6,12,0,3.66480599,1,638,0,MKTG
961,8,6,6,8,4,2,3,3.264495983,0,429,1,FIN
962,8,8,6,8,6,2,0,3.436710728,1,362,0,MKTG
963,10,10,6,8,8,4,0,3.533203321,0,431,0,MKTG
964,8,6,6,6,8,2,0,3.479315256,0,370,0,FIN
965,8,10,6,6,4,2,2,3.612717745,1,446,0,MGMT
966,8,10,6,6,4,2,2,3.910648964,0,239,0,MKTG
967,8,10,6,6,4,2,2,3.819095604,1,547,0,MKTG
968,8,6,6,8,6,2,2,3.463846113,0,649,0,MGMT
969,8,6,6,6,4,2,2,2.826169328,1,326,0,FIN
970,8,8,8,6,6,2,0,3.830752939,1,557,0,FIN
971,8,8,6,8,8,4,1,3.763167863,0,543,1,ACCT
972,8,12,6,8,6,3,0,3.88291777,0,483,0,MGMT
973,8,10,6,8,6,2,0,3.500614064,0,532,0,MKTG
974,8,6,7,6,6,2,0,2.958879153,0,644,1,FIN
975,8,8,7,8,6,2,0,3.434155034,0,498,1,MGMT
976,8,8,6,6,4,2,1,3.804336332,0,373,1,MGMT
977,8,6,4,6,4,3,2,3.169294025,1,427,0,MGMT
978,8,10,7,6,4,4,2,2.92224219,0,473,0,ACCT
979,8,10,5,8,6,2,1,3.485944476,1,516,0,MGMT
980,8,10,6,8,6,4,0,3.650988475,0,494,0,ACCT
981,8,9,6,7,6,2,0,3.469655903,0,436,0,MGMT
982,8,8,6,6,4,4,0,2.990390918,1,426,1,ACCT
983,8,10,5,8,6,2,1,3.791974977,1,546,0,FIN
984,8,7,6,4,8,4,0,2.897821478,0,376,0,ACCT
985,8,8,5,6,10,6,1,3.089481462,1,411,0,FIN
986,8,8,5,6,4,2,1,2.262521061,0,500,0,MGMT
987,8,8,5,4,6,2,4,2.702247505,0,415,0,FIN
988,8,10,7,8,4,12,2,3.967563436,1,665,0,MKTG
989,10,10,5,6,4,6,3,3.255474455,0,417,0,MGMT
990,8,8,8,6,8,2,8,3.745745376,0,535,1,MGMT
991,8,9,6,8,8,2,2,2.874664504,0,540,0,MKTG
992,8,6,6,6,6,6,2,3.470086715,0,536,0,MGMT
993,8,10,6,6,6,2,0,4.077411178,0,568,1,FIN
994,8,6,6,8,4,2,0,3.004571287,1,453,0,MKTG
995,8,8,9,10,4,2,1,2.652038176,0,535,1,MGMT
996,8,8,7,6,6,3,2,3.002898464,1,441,0,MGMT
997,8,10,6,7,6,2,0,3.910182829,0,443,1,ACCT
998,8,10,6,8,6,6,0,3.267000618,0,515,0,MGMT
999,8,8,7,8,8,2,1,3.474561389,0,459,0,MKTG
1000,8,6,6,6,4,16,9,3.690759513,0,552,1,FIN
